EmployeeID,FirstName,Lastname,Title,Office
10001111,Frank,Edwards,Sr Developer,New York
10001112,Leila,Leonard,UX Designer,Dubai
10001113,Jeremiah,Park,Help Desk Technician,New York
10001114,Alex,Gomez,Help Desk Technician,Toronoto
10001115,Ethel,McLaughlin,Jr Developer,New York
10001116,Eugene,Carr,Sr Developer,Dubai
10001117,Amanda,Holmes,UX Designer,New York
10001118,Scott,Foster,Jr Developer,Dubai
10001119,Harriet,Valdez,Jr Developer,New York
10001120,Luis,Keller,Jr Developer,Toronoto
10001121,Brett,Casey,UX Designer,Dubai
10001122,Hilda,Guerrero,UX Designer,Toronoto
10001123,Lena,Jacobs,Sr Developer,Vancouver
10001124,Lewis,Harrington,UX Designer,Dubai
10001125,Roy,Bush,Sr Developer,Dubai
10001126,Marian,Collier,Jr Developer,New York
10001127,Hallie,Rodriquez,Sr Developer,New York
10001128,Eleanor,Lamb,Jr Developer,Vancouver
10001129,Christine,Pittman,UX Designer,Toronoto
10001130,Billy,McGee,Jr Developer,Vancouver
10001131,Troy,Reed,UX Designer,Toronoto
10001132,Brandon,Holloway,UX Designer,Dubai
10001133,Claudia,Curtis,Jr Developer,Toronoto
10001134,Luke,Logan,Help Desk Technician,New York
10001135,Adele,Baker,Sr Developer,New York
10001136,Amelia,Guerrero,Jr Developer,Toronoto
10001137,Tyler,Howard,Sr Developer,Toronoto
10001138,Gilbert,Murphy,UX Designer,Toronoto
10001139,Connor,White,Sr Developer,New York
10001140,Marion,Stevens,UX Designer,New York
10001141,Dylan,McCarthy,Jr Developer,Vancouver
10001142,Hettie,Barber,UX Designer,Toronoto
10001143,Effie,Bell,Sr Developer,Dubai
10001144,Laura,Beck,UX Designer,Dubai
10001145,Rosie,Williams,Jr Developer,Dubai
10001146,Bettie,Oliver,UX Designer,Vancouver
10001147,Susie,Joseph,UX Designer,Dubai
10001148,Edwin,Mack,Help Desk Technician,New York
10001149,Margaret,Watkins,Jr Developer,New York
10001150,Ollie,Gutierrez,UX Designer,Dubai
10001151,Lester,Webb,Jr Developer,Dubai
10001152,Eddie,Paul,Help Desk Technician,Dubai
10001153,Lucinda,Wallace,Help Desk Technician,Toronoto
10001154,Willie,Little,Jr Developer,Toronoto
10001155,Rosie,Hunter,UX Designer,Dubai
10001156,Lois,Murphy,Sr Developer,Vancouver
10001157,Sean,Collier,Sr Developer,Vancouver
10001158,Abbie,Harvey,Help Desk Technician,New York
10001159,Gene,Hunt,Sr Developer,Vancouver
10001160,Susie,Castro,UX Designer,Vancouver
10001161,Marguerite,Hamilton,Sr Developer,New York
10001162,Wayne,Fletcher,Help Desk Technician,Vancouver
10001163,Mason,Gomez,Help Desk Technician,Dubai
10001164,Logan,Cunningham,Jr Developer,Dubai
10001165,Cecelia,Perry,Sr Developer,Vancouver
10001166,Samuel,Lane,Sr Developer,New York
10001167,Daniel,Holloway,UX Designer,Dubai
10001168,Mike,Edwards,Help Desk Technician,Dubai
10001169,Marguerite,Baldwin,Sr Developer,Vancouver
10001170,Mittie,Massey,Sr Developer,Toronoto
10001171,John,McDonald,UX Designer,New York
10001172,Rebecca,Gibson,Jr Developer,New York
10001173,Jane,Rodriquez,Jr Developer,Toronoto
10001174,Donald,Webster,Sr Developer,Vancouver
10001175,Carrie,Williamson,Help Desk Technician,Vancouver
10001176,Jorge,Wong,Jr Developer,New York
10001177,Aaron,Wilkerson,UX Designer,Vancouver
10001178,Russell,Wheeler,Help Desk Technician,New York
10001179,Don,Owens,Sr Developer,New York
10001180,Jessie,Barker,Sr Developer,Toronoto
10001181,Ryan,Powers,UX Designer,Dubai
10001182,Jose,Pope,UX Designer,Toronoto
10001183,Rosetta,Barber,UX Designer,New York
10001184,Lester,Diaz,UX Designer,Dubai
10001185,Marguerite,Mason,Jr Developer,New York
10001186,Rachel,Stanley,Sr Developer,Dubai
10001187,Lydia,Atkins,UX Designer,Dubai
10001188,Gary,Fletcher,Jr Developer,Dubai
10001189,Charlie,Sherman,Jr Developer,Vancouver
10001190,Janie,Stephens,Help Desk Technician,Toronoto
10001191,Lucille,Welch,UX Designer,New York
10001192,Cody,Pittman,UX Designer,New York
10001193,Isaiah,McGuire,Sr Developer,Toronoto
10001194,Franklin,Johnson,Sr Developer,Vancouver
10001195,Marvin,Moody,Sr Developer,Dubai
10001196,Lucinda,Todd,Sr Developer,Vancouver
10001197,Olivia,Brock,Help Desk Technician,Toronoto
10001198,Myra,Taylor,Help Desk Technician,New York
10001199,Ruth,Craig,Help Desk Technician,New York
10001200,Marie,Gregory,UX Designer,Toronoto
10001201,Bruce,Parsons,UX Designer,New York
10001202,Amelia,Harrington,Help Desk Technician,Vancouver
10001203,Polly,Torres,Help Desk Technician,Vancouver
10001204,Martha,Gross,Help Desk Technician,New York
10001205,Ivan,Keller,Sr Developer,Toronoto
10001206,Noah,Ward,Sr Developer,New York
10001207,Joseph,Hines,UX Designer,Vancouver
10001208,Bettie,Smith,UX Designer,Dubai
10001210,Francisco,Bell,Sr Developer,Dubai

